SKU,DESCRIPCION,MODELO_FORECAST,HORIZONTE,FORECAST
SL25611-26100,TERMOSTATO METÁLICO,auto_arima,1,52.94
SL25611-26100,TERMOSTATO METÁLICO,auto_arima,2,52.94
SL25611-26100,TERMOSTATO METÁLICO,auto_arima,3,52.94
FG-0027,FILTRO GASOLINA,auto_arima,1,45.29
FG-0027,FILTRO GASOLINA,auto_arima,2,45.29
FG-0027,FILTRO GASOLINA,auto_arima,3,45.29
WT1J0121253P,RADIADOR DE AGUA,auto_arima,1,0.0
WT1J0121253P,RADIADOR DE AGUA,auto_arima,2,48.8
WT1J0121253P,RADIADOR DE AGUA,auto_arima,3,36.7
VAM8005,HORQUILLA EMBRAGUE,auto_arima,1,36.32
VAM8005,HORQUILLA EMBRAGUE,auto_arima,2,36.32
VAM8005,HORQUILLA EMBRAGUE,auto_arima,3,36.32
TRUD1094,JGO. PASTILLA DE FRENO,auto_arima,1,34.56
TRUD1094,JGO. PASTILLA DE FRENO,auto_arima,2,34.56
TRUD1094,JGO. PASTILLA DE FRENO,auto_arima,3,34.56
KIT077,JGO MICROFILTRO,auto_arima,1,46.43
KIT077,JGO MICROFILTRO,auto_arima,2,43.24
KIT077,JGO MICROFILTRO,auto_arima,3,40.92
KR25380-1R050,ELECTROVENTILADOR,auto_arima,1,32.95
KR25380-1R050,ELECTROVENTILADOR,auto_arima,2,32.95
KR25380-1R050,ELECTROVENTILADOR,auto_arima,3,32.95
FL01SWI152,BOMBA GASOLINA SUMERGIBLE,auto_arima,1,32.08
FL01SWI152,BOMBA GASOLINA SUMERGIBLE,auto_arima,2,32.08
FL01SWI152,BOMBA GASOLINA SUMERGIBLE,auto_arima,3,32.08
FL2H0919050B,MODULO GASOLINA SUMERGIBLE,auto_arima,1,31.95
FL2H0919050B,MODULO GASOLINA SUMERGIBLE,auto_arima,2,31.95
FL2H0919050B,MODULO GASOLINA SUMERGIBLE,auto_arima,3,31.95
ALHP-0373,CARTER ACEITE GOLF JETTA PC,auto_arima,1,31.19
ALHP-0373,CARTER ACEITE GOLF JETTA PC,auto_arima,2,31.19
ALHP-0373,CARTER ACEITE GOLF JETTA PC,auto_arima,3,31.19
KR27501-37A00,JUEGO CABLES DE BUJIA,auto_arima,1,30.44
KR27501-37A00,JUEGO CABLES DE BUJIA,auto_arima,2,30.44
KR27501-37A00,JUEGO CABLES DE BUJIA,auto_arima,3,30.44
WT044907385A,TPS MONOPUNTO,auto_arima,1,24.52
WT044907385A,TPS MONOPUNTO,auto_arima,2,24.17
WT044907385A,TPS MONOPUNTO,auto_arima,3,30.09
ENLA-2501,SINCRONIZADO TRANSMISION AMAROK,auto_arima,1,41.39
ENLA-2501,SINCRONIZADO TRANSMISION AMAROK,auto_arima,2,41.39
ENLA-2501,SINCRONIZADO TRANSMISION AMAROK,auto_arima,3,41.39
PRE217,SOKQUET,auto_arima,1,28.74
PRE217,SOKQUET,auto_arima,2,28.74
PRE217,SOKQUET,auto_arima,3,28.74
WT96182951,PROTECTOR DISTRIBUCION INF.,auto_arima,1,48.35
WT96182951,PROTECTOR DISTRIBUCION INF.,auto_arima,2,48.35
WT96182951,PROTECTOR DISTRIBUCION INF.,auto_arima,3,48.35
8-97035303-0,FILTRO AIRE,auto_arima,1,22.31
8-97035303-0,FILTRO AIRE,auto_arima,2,27.0
8-97035303-0,FILTRO AIRE,auto_arima,3,23.99
FL113RU25,BANDA DISTRIBUCION,auto_arima,1,13.07
FL113RU25,BANDA DISTRIBUCION,auto_arima,2,24.99
FL113RU25,BANDA DISTRIBUCION,auto_arima,3,24.99
DKR-1/4-RED,ROJO LITRO USA,auto_arima,1,25.06
DKR-1/4-RED,ROJO LITRO USA,auto_arima,2,25.06
DKR-1/4-RED,ROJO LITRO USA,auto_arima,3,25.06
USNS-0657,"TENSOR CON BANDA DE ALTERNADOR BETTLE 2011--2019, BORA V 2006---2010, JETTA 2010--->, NEW BEETLE 2005---2010, PASSAT ...",auto_arima,1,24.55
USNS-0657,"TENSOR CON BANDA DE ALTERNADOR BETTLE 2011--2019, BORA V 2006---2010, JETTA 2010--->, NEW BEETLE 2005---2010, PASSAT ...",auto_arima,2,24.55
USNS-0657,"TENSOR CON BANDA DE ALTERNADOR BETTLE 2011--2019, BORA V 2006---2010, JETTA 2010--->, NEW BEETLE 2005---2010, PASSAT ...",auto_arima,3,24.55
SE94460-1H000,SENSOR NIVEL GASOLINA,auto_arima,1,24.32
SE94460-1H000,SENSOR NIVEL GASOLINA,auto_arima,2,24.32
SE94460-1H000,SENSOR NIVEL GASOLINA,auto_arima,3,24.32
WT7700111985,TUBO REFRIGERANTE RADIADOR,auto_arima,1,24.29
WT7700111985,TUBO REFRIGERANTE RADIADOR,auto_arima,2,24.29
WT7700111985,TUBO REFRIGERANTE RADIADOR,auto_arima,3,24.29
TRUD1737,JGO. PASTILLA DE FRENO,auto_arima,1,23.89
TRUD1737,JGO. PASTILLA DE FRENO,auto_arima,2,23.89
TRUD1737,JGO. PASTILLA DE FRENO,auto_arima,3,23.89
SP-1149,JGO. PASTILLA DE FRENO,auto_arima,1,23.69
SP-1149,JGO. PASTILLA DE FRENO,auto_arima,2,23.69
SP-1149,JGO. PASTILLA DE FRENO,auto_arima,3,23.69
FL93277517,MODULO GASOLINA SUMERGIBLE,auto_arima,1,23.19
FL93277517,MODULO GASOLINA SUMERGIBLE,auto_arima,2,23.19
FL93277517,MODULO GASOLINA SUMERGIBLE,auto_arima,3,23.19
SL90448854,TUBO CALECFACCION,auto_arima,1,23.08
SL90448854,TUBO CALECFACCION,auto_arima,2,23.08
SL90448854,TUBO CALECFACCION,auto_arima,3,23.08
FL170408B000,MODULO GASOLINA SUMERGIBLE,auto_arima,1,22.39
FL170408B000,MODULO GASOLINA SUMERGIBLE,auto_arima,2,22.39
FL170408B000,MODULO GASOLINA SUMERGIBLE,auto_arima,3,22.39
ALHP-2466,TUERCA DE EXPANSION,auto_arima,1,29.73
ALHP-2466,TUERCA DE EXPANSION,auto_arima,2,22.35
ALHP-2466,TUERCA DE EXPANSION,auto_arima,3,22.35
WT04E919081A,TROMPO ACEITE,auto_arima,1,21.27
WT04E919081A,TROMPO ACEITE,auto_arima,2,21.27
WT04E919081A,TROMPO ACEITE,auto_arima,3,21.27
1H0422884,RECEPTOR GOMA DIRECCION G V,auto_arima,1,21.26
1H0422884,RECEPTOR GOMA DIRECCION G V,auto_arima,2,21.26
1H0422884,RECEPTOR GOMA DIRECCION G V,auto_arima,3,21.26
FL30230002,MODULO GASOLINA SUMERGIBLE,auto_arima,1,16.69
FL30230002,MODULO GASOLINA SUMERGIBLE,auto_arima,2,18.28
FL30230002,MODULO GASOLINA SUMERGIBLE,auto_arima,3,20.01
PR18213-65J00,SENSOR OXIGENO GRAND VITARA 2.0,auto_arima,1,17.64
PR18213-65J00,SENSOR OXIGENO GRAND VITARA 2.0,auto_arima,2,20.63
PR18213-65J00,SENSOR OXIGENO GRAND VITARA 2.0,auto_arima,3,20.63
8TF358106-101,MODULO GASOLINA SUMERGIBLE,auto_arima,1,20.6
8TF358106-101,MODULO GASOLINA SUMERGIBLE,auto_arima,2,20.6
8TF358106-101,MODULO GASOLINA SUMERGIBLE,auto_arima,3,20.6
FIN23300-21030,FILTRO INTANK,auto_arima,1,20.58
FIN23300-21030,FILTRO INTANK,auto_arima,2,20.58
FIN23300-21030,FILTRO INTANK,auto_arima,3,20.58
TRUD1439,JGO. PASTILLA DE FRENO,auto_arima,1,0.0
TRUD1439,JGO. PASTILLA DE FRENO,auto_arima,2,0.45
TRUD1439,JGO. PASTILLA DE FRENO,auto_arima,3,10.64
FL31110-17000,MODULO GASOLINA SUMERGIBLE,auto_arima,1,19.73
FL31110-17000,MODULO GASOLINA SUMERGIBLE,auto_arima,2,19.73
FL31110-17000,MODULO GASOLINA SUMERGIBLE,auto_arima,3,19.73
ALHP-0629,JUNTA CARTER AMAROK,auto_arima,1,19.68
ALHP-0629,JUNTA CARTER AMAROK,auto_arima,2,19.68
ALHP-0629,JUNTA CARTER AMAROK,auto_arima,3,19.68
USNS-0411,TAPA DEL FILTRO ACEITE VW AMAROK,auto_arima,1,23.96
USNS-0411,TAPA DEL FILTRO ACEITE VW AMAROK,auto_arima,2,18.84
USNS-0411,TAPA DEL FILTRO ACEITE VW AMAROK,auto_arima,3,19.93
VW026115105A,BOMBA ACEITE,auto_arima,1,26.67
VW026115105A,BOMBA ACEITE,auto_arima,2,26.67
VW026115105A,BOMBA ACEITE,auto_arima,3,26.67
FL111RU17,BANDA DISTRIBUCION CH. AVEO 8 VAL (111 DIENTES),auto_arima,1,19.05
FL111RU17,BANDA DISTRIBUCION CH. AVEO 8 VAL (111 DIENTES),auto_arima,2,19.05
FL111RU17,BANDA DISTRIBUCION CH. AVEO 8 VAL (111 DIENTES),auto_arima,3,19.05
ALHP-2372,TORNILLO PINON CIGUENAL SOLO CONSUMIDOR,auto_arima,1,18.9
ALHP-2372,TORNILLO PINON CIGUENAL SOLO CONSUMIDOR,auto_arima,2,18.9
ALHP-2372,TORNILLO PINON CIGUENAL SOLO CONSUMIDOR,auto_arima,3,18.9
FLFILARIS,FILTRO GASOLINA SUMERGIBLE,auto_arima,1,18.65
FLFILARIS,FILTRO GASOLINA SUMERGIBLE,auto_arima,2,18.65
FLFILARIS,FILTRO GASOLINA SUMERGIBLE,auto_arima,3,18.65
PR39210-23750,SENSOR OXIGENO,auto_arima,1,17.76
PR39210-23750,SENSOR OXIGENO,auto_arima,2,17.76
PR39210-23750,SENSOR OXIGENO,auto_arima,3,17.76
WT9046588,BASE TERMOSTATO,auto_arima,1,17.76
WT9046588,BASE TERMOSTATO,auto_arima,2,17.76
WT9046588,BASE TERMOSTATO,auto_arima,3,17.76
TRUD1468,JGO. PASTILLA DE FRENO,auto_arima,1,17.34
TRUD1468,JGO. PASTILLA DE FRENO,auto_arima,2,17.34
TRUD1468,JGO. PASTILLA DE FRENO,auto_arima,3,17.34
FG-55AA,FILTRO GASOLINA,auto_arima,1,17.31
FG-55AA,FILTRO GASOLINA,auto_arima,2,17.31
FG-55AA,FILTRO GASOLINA,auto_arima,3,17.31
DR96456495,KIT REPARACION FRENOS,auto_arima,1,21.06
DR96456495,KIT REPARACION FRENOS,auto_arima,2,16.19
DR96456495,KIT REPARACION FRENOS,auto_arima,3,17.32
FL373919051AA,MODULO GASOLINA SUMERGIBLE,auto_arima,1,20.69
FL373919051AA,MODULO GASOLINA SUMERGIBLE,auto_arima,2,17.03
FL373919051AA,MODULO GASOLINA SUMERGIBLE,auto_arima,3,17.03
GM96817343,RESERVORIO,auto_arima,1,17.05
GM96817343,RESERVORIO,auto_arima,2,17.05
GM96817343,RESERVORIO,auto_arima,3,17.05
FG-0B00,FILTRO GASOLINA,auto_arima,1,12.48
FG-0B00,FILTRO GASOLINA,auto_arima,2,18.8
FG-0B00,FILTRO GASOLINA,auto_arima,3,16.77
OP1042,BOMBA DE ACEITE,auto_arima,1,17.0
OP1042,BOMBA DE ACEITE,auto_arima,2,17.0
OP1042,BOMBA DE ACEITE,auto_arima,3,17.0
