SKU,DESCRIPCION,ABC_CLASS,XYZ_CLASS,ABC_XYZ,CURRENT_STOCK,LAST_MONTH_SALES,F1,F2,F3,FORECAST_3M,AVG_FORECAST_MONTH,MONTHS_OF_COVER,SAFETY_STOCK,REORDER_POINT,RECOMMENDED_PURCHASE,ALERT_STATUS,ACTION,MODEL_USED,TOTAL_SALES,MEAN_MONTHLY_SALES,STD_MONTHLY_SALES,CV,SAFETY_FACTOR,PRIORITY_SCORE
SL25611-26100,TERMOSTATO METÁLICO,A,Z,AZ,178.0,0.0,52.94,52.94,52.94,158.82,52.94,3.36,76.23,129.17,4.11,OK,Sin accion inmediata,auto_arima,3282,52.9355,73.1955,1.3827,1.44,4.11
FG-0027,FILTRO GASOLINA,A,Z,AZ,792.0,0.0,45.29,45.29,45.29,135.87,45.29,17.49,65.22,110.51,0.0,SOBREINVENTARIO,Revisar compras; posible sobrestock,auto_arima,2808,45.2903,88.2475,1.9485,1.44,0.0
WT1J0121253P,RADIADOR DE AGUA,A,Z,AZ,142.0,233.0,0.0,48.8,36.7,85.5,28.5,4.98,41.04,69.54,0.0,SOBREINVENTARIO,Revisar compras; posible sobrestock,auto_arima,2448,39.4839,62.8184,1.591,1.44,0.0
VAM8005,HORQUILLA EMBRAGUE,A,Z,AZ,248.0,166.0,36.32,36.32,36.32,108.96,36.32,6.83,52.3,88.62,0.0,SOBREINVENTARIO,Revisar compras; posible sobrestock,auto_arima,2252,36.3226,65.5313,1.8041,1.44,0.0
TRUD1094,JGO. PASTILLA DE FRENO,A,Z,AZ,1657.0,0.0,34.56,34.56,34.56,103.68,34.56,47.95,49.77,84.33,0.0,SOBREINVENTARIO,Revisar compras; posible sobrestock,auto_arima,2143,34.5645,78.3745,2.2675,1.44,0.0
KIT077,JGO MICROFILTRO,A,Z,AZ,213.0,0.0,46.43,43.24,40.92,130.59,43.53,4.89,62.68,106.21,0.0,SOBREINVENTARIO,Revisar compras; posible sobrestock,auto_arima,2062,33.2581,54.1834,1.6292,1.44,0.0
KR25380-1R050,ELECTROVENTILADOR,A,Z,AZ,557.0,49.0,32.95,32.95,32.95,98.85,32.95,16.9,47.45,80.4,0.0,SOBREINVENTARIO,Revisar compras; posible sobrestock,auto_arima,2043,32.9516,64.2664,1.9503,1.44,0.0
FL01SWI152,BOMBA GASOLINA SUMERGIBLE,A,Z,AZ,171.0,0.0,32.08,32.08,32.08,96.24,32.08,5.33,46.2,78.28,0.0,SOBREINVENTARIO,Revisar compras; posible sobrestock,auto_arima,1989,32.0806,45.2471,1.4104,1.44,0.0
FL2H0919050B,MODULO GASOLINA SUMERGIBLE,A,Z,AZ,219.0,24.0,31.95,31.95,31.95,95.85,31.95,6.85,46.01,77.96,0.0,SOBREINVENTARIO,Revisar compras; posible sobrestock,auto_arima,1981,31.9516,52.4913,1.6428,1.44,0.0
ALHP-0373,CARTER ACEITE GOLF JETTA PC,A,Z,AZ,226.0,22.0,31.19,31.19,31.19,93.57,31.19,7.25,44.91,76.1,0.0,SOBREINVENTARIO,Revisar compras; posible sobrestock,auto_arima,1934,31.1935,69.0018,2.2121,1.44,0.0
KR27501-37A00,JUEGO CABLES DE BUJIA,A,Z,AZ,713.0,0.0,30.44,30.44,30.44,91.32,30.44,23.42,43.83,74.27,0.0,SOBREINVENTARIO,Revisar compras; posible sobrestock,auto_arima,1887,30.4355,91.5176,3.0069,1.44,0.0
WT044907385A,TPS MONOPUNTO,A,Z,AZ,298.0,21.0,24.52,24.17,30.09,78.78,26.26,11.35,37.81,64.07,0.0,SOBREINVENTARIO,Revisar compras; posible sobrestock,auto_arima,1862,30.0323,52.4435,1.7462,1.44,0.0
ENLA-2501,SINCRONIZADO TRANSMISION AMAROK,A,Y,AY,188.0,25.0,41.39,41.39,41.39,124.17,41.39,4.54,49.67,91.06,0.0,SOBREINVENTARIO,Revisar compras; posible sobrestock,auto_arima,1812,29.2258,26.6503,0.9119,1.2,0.0
PRE217,SOKQUET,A,Z,AZ,418.0,0.0,28.74,28.74,28.74,86.22,28.74,14.54,41.39,70.13,0.0,SOBREINVENTARIO,Revisar compras; posible sobrestock,auto_arima,1782,28.7419,42.7442,1.4872,1.44,0.0
WT96182951,PROTECTOR DISTRIBUCION INF.,A,Z,AZ,654.0,110.0,48.35,48.35,48.35,145.05,48.35,13.53,69.62,117.97,0.0,SOBREINVENTARIO,Revisar compras; posible sobrestock,auto_arima,1746,28.1613,41.9201,1.4886,1.44,0.0
8-97035303-0,FILTRO AIRE,A,Z,AZ,301.0,0.0,22.31,27.0,23.99,73.3,24.43,12.32,35.18,59.61,0.0,SOBREINVENTARIO,Revisar compras; posible sobrestock,auto_arima,1699,27.4032,50.6323,1.8477,1.44,0.0
FL113RU25,BANDA DISTRIBUCION,A,Z,AZ,140.0,25.0,13.07,24.99,24.99,63.05,21.02,6.66,30.27,51.29,0.0,SOBREINVENTARIO,Revisar compras; posible sobrestock,auto_arima,1560,25.1613,45.7533,1.8184,1.44,0.0
DKR-1/4-RED,ROJO LITRO USA,A,Y,AY,46.0,0.0,25.06,25.06,25.06,75.18,25.06,1.84,30.07,55.13,34.19,OK,Sin accion inmediata,auto_arima,1554,25.0645,18.896,0.7539,1.2,22.57
USNS-0657,"TENSOR CON BANDA DE ALTERNADOR BETTLE 2011--2019, BORA V 2006---2010, JETTA 2010--->, NEW BEETLE 2005---2010, PASSAT ...",A,Z,AZ,188.0,0.0,24.55,24.55,24.55,73.65,24.55,7.66,35.35,59.9,0.0,SOBREINVENTARIO,Revisar compras; posible sobrestock,auto_arima,1522,24.5484,52.0145,2.1189,1.44,0.0
SE94460-1H000,SENSOR NIVEL GASOLINA,A,Z,AZ,82.0,0.0,24.32,24.32,24.32,72.96,24.32,3.37,35.02,59.34,1.66,OK,Sin accion inmediata,auto_arima,1508,24.3226,47.9091,1.9697,1.44,1.03
WT7700111985,TUBO REFRIGERANTE RADIADOR,A,Z,AZ,194.0,0.0,24.29,24.29,24.29,72.87,24.29,7.99,34.98,59.27,0.0,SOBREINVENTARIO,Revisar compras; posible sobrestock,auto_arima,1506,24.2903,35.0126,1.4414,1.44,0.0
TRUD1737,JGO. PASTILLA DE FRENO,A,Z,AZ,669.0,0.0,23.89,23.89,23.89,71.67,23.89,28.0,34.4,58.29,0.0,SOBREINVENTARIO,Revisar compras; posible sobrestock,auto_arima,1481,23.8871,35.8942,1.5027,1.44,0.0
SP-1149,JGO. PASTILLA DE FRENO,A,Z,AZ,561.0,0.0,23.69,23.69,23.69,71.07,23.69,23.68,34.11,57.8,0.0,SOBREINVENTARIO,Revisar compras; posible sobrestock,auto_arima,1469,23.6935,52.4419,2.2133,1.44,0.0
FL93277517,MODULO GASOLINA SUMERGIBLE,A,Y,AY,52.0,0.0,23.19,23.19,23.19,69.57,23.19,2.24,27.83,51.02,22.21,OK,Sin accion inmediata,auto_arima,1438,23.1935,16.734,0.7215,1.2,11.99
SL90448854,TUBO CALECFACCION,A,Z,AZ,119.0,5.0,23.08,23.08,23.08,69.24,23.08,5.16,33.24,56.32,0.0,SOBREINVENTARIO,Revisar compras; posible sobrestock,auto_arima,1431,23.0806,42.5946,1.8455,1.44,0.0
FL170408B000,MODULO GASOLINA SUMERGIBLE,A,Z,AZ,512.0,0.0,22.39,22.39,22.39,67.17,22.39,22.87,32.24,54.63,0.0,SOBREINVENTARIO,Revisar compras; posible sobrestock,auto_arima,1388,22.3871,55.0048,2.457,1.44,0.0
ALHP-2466,TUERCA DE EXPANSION,A,Z,AZ,100.0,0.0,29.73,22.35,22.35,74.43,24.81,4.03,35.73,60.54,0.0,SOBREINVENTARIO,Revisar compras; posible sobrestock,auto_arima,1385,22.3387,37.1049,1.661,1.44,0.0
WT04E919081A,TROMPO ACEITE,A,Z,AZ,166.0,25.0,21.27,21.27,21.27,63.81,21.27,7.8,30.63,51.9,0.0,SOBREINVENTARIO,Revisar compras; posible sobrestock,auto_arima,1319,21.2742,39.7756,1.8697,1.44,0.0
1H0422884,RECEPTOR GOMA DIRECCION G V,A,Z,AZ,772.0,0.0,21.26,21.26,21.26,63.78,21.26,36.31,30.61,51.87,0.0,SOBREINVENTARIO,Revisar compras; posible sobrestock,auto_arima,1318,21.2581,34.2519,1.6112,1.44,0.0
FL30230002,MODULO GASOLINA SUMERGIBLE,A,Z,AZ,166.0,9.0,16.69,18.28,20.01,54.98,18.33,9.06,26.4,44.73,0.0,SOBREINVENTARIO,Revisar compras; posible sobrestock,auto_arima,1309,21.1129,38.0323,1.8014,1.44,0.0
PR18213-65J00,SENSOR OXIGENO GRAND VITARA 2.0,A,Y,AY,117.0,31.0,17.64,20.63,20.63,58.9,19.63,5.96,23.56,43.19,0.0,SOBREINVENTARIO,Revisar compras; posible sobrestock,auto_arima,1283,20.6935,17.4768,0.8446,1.2,0.0
8TF358106-101,MODULO GASOLINA SUMERGIBLE,A,Y,AY,93.0,0.0,20.6,20.6,20.6,61.8,20.6,4.51,24.72,45.32,0.0,SOBREINVENTARIO,Revisar compras; posible sobrestock,auto_arima,1277,20.5968,18.7431,0.91,1.2,0.0
FIN23300-21030,FILTRO INTANK,A,Z,AZ,244.0,0.0,20.58,20.58,20.58,61.74,20.58,11.86,29.64,50.22,0.0,SOBREINVENTARIO,Revisar compras; posible sobrestock,auto_arima,1276,20.5806,25.6958,1.2485,1.44,0.0
TRUD1439,JGO. PASTILLA DE FRENO,A,Z,AZ,25.0,157.0,0.0,0.45,10.64,11.09,3.7,6.76,5.33,9.03,0.0,SOBREINVENTARIO,Revisar compras; posible sobrestock,auto_arima,1255,20.2419,29.0726,1.4363,1.44,0.0
FL31110-17000,MODULO GASOLINA SUMERGIBLE,A,Z,AZ,177.0,23.0,19.73,19.73,19.73,59.19,19.73,8.97,28.41,48.14,0.0,SOBREINVENTARIO,Revisar compras; posible sobrestock,auto_arima,1223,19.7258,34.9184,1.7702,1.44,0.0
ALHP-0629,JUNTA CARTER AMAROK,A,Z,AZ,175.0,39.0,19.68,19.68,19.68,59.04,19.68,8.89,28.34,48.02,0.0,SOBREINVENTARIO,Revisar compras; posible sobrestock,auto_arima,1220,19.6774,33.902,1.7229,1.44,0.0
USNS-0411,TAPA DEL FILTRO ACEITE VW AMAROK,B,Z,BZ,83.0,0.0,23.96,18.84,19.93,62.73,20.91,3.97,25.09,46.0,0.0,OK,Sin accion inmediata,auto_arima,1217,19.629,26.3667,1.3432,1.2,0.0
VW026115105A,BOMBA ACEITE,B,Z,BZ,99.0,54.0,26.67,26.67,26.67,80.01,26.67,3.71,32.0,58.67,0.0,OK,Sin accion inmediata,auto_arima,1181,19.0484,19.9503,1.0473,1.2,0.0
FL111RU17,BANDA DISTRIBUCION CH. AVEO 8 VAL (111 DIENTES),B,Z,BZ,494.0,0.0,19.05,19.05,19.05,57.15,19.05,25.93,22.86,41.91,0.0,SOBREINVENTARIO,Revisar compras; posible sobrestock,auto_arima,1181,19.0484,48.9751,2.5711,1.2,0.0
ALHP-2372,TORNILLO PINON CIGUENAL SOLO CONSUMIDOR,B,Z,BZ,153.0,0.0,18.9,18.9,18.9,56.7,18.9,8.1,22.68,41.58,0.0,SOBREINVENTARIO,Revisar compras; posible sobrestock,auto_arima,1172,18.9032,21.9829,1.1629,1.2,0.0
FLFILARIS,FILTRO GASOLINA SUMERGIBLE,B,Z,BZ,164.0,21.0,18.65,18.65,18.65,55.95,18.65,8.79,22.38,41.03,0.0,SOBREINVENTARIO,Revisar compras; posible sobrestock,auto_arima,1156,18.6452,26.3378,1.4126,1.2,0.0
PR39210-23750,SENSOR OXIGENO,B,Z,BZ,129.0,0.0,17.76,17.76,17.76,53.28,17.76,7.26,21.31,39.07,0.0,SOBREINVENTARIO,Revisar compras; posible sobrestock,auto_arima,1101,17.7581,29.7981,1.678,1.2,0.0
WT9046588,BASE TERMOSTATO,B,Z,BZ,199.0,18.0,17.76,17.76,17.76,53.28,17.76,11.2,21.31,39.07,0.0,SOBREINVENTARIO,Revisar compras; posible sobrestock,auto_arima,1101,17.7581,18.065,1.0173,1.2,0.0
TRUD1468,JGO. PASTILLA DE FRENO,B,Z,BZ,425.0,0.0,17.34,17.34,17.34,52.02,17.34,24.51,20.81,38.15,0.0,SOBREINVENTARIO,Revisar compras; posible sobrestock,auto_arima,1075,17.3387,46.176,2.6632,1.2,0.0
FG-55AA,FILTRO GASOLINA,B,Y,BY,102.0,34.0,17.31,17.31,17.31,51.93,17.31,5.89,17.31,34.62,0.0,SOBREINVENTARIO,Revisar compras; posible sobrestock,auto_arima,1073,17.3065,16.5924,0.9587,1.0,0.0
DR96456495,KIT REPARACION FRENOS,B,Y,BY,61.0,0.0,21.06,16.19,17.32,54.57,18.19,3.35,18.19,36.38,0.0,OK,Sin accion inmediata,auto_arima,1059,17.0806,16.1917,0.948,1.0,0.0
FL373919051AA,MODULO GASOLINA SUMERGIBLE,C,Z,CZ,41.0,0.0,20.69,17.03,17.03,54.75,18.25,2.25,17.52,35.77,13.02,OK,Sin accion inmediata,auto_arima,1059,17.0806,32.2902,1.8905,0.96,1.17
GM96817343,RESERVORIO,C,Y,CY,103.0,20.0,17.05,17.05,17.05,51.15,17.05,6.04,13.64,30.69,0.0,SOBREINVENTARIO,Revisar compras; posible sobrestock,auto_arima,1057,17.0484,13.5175,0.7929,0.8,0.0
FG-0B00,FILTRO GASOLINA,C,Y,CY,118.0,19.0,12.48,18.8,16.77,48.05,16.02,7.37,12.82,28.84,0.0,SOBREINVENTARIO,Revisar compras; posible sobrestock,auto_arima,1057,17.0484,14.2132,0.8337,0.8,0.0
OP1042,BOMBA DE ACEITE,C,Z,CZ,771.0,0.0,17.0,17.0,17.0,51.0,17.0,45.35,16.32,33.32,0.0,SOBREINVENTARIO,Revisar compras; posible sobrestock,auto_arima,1054,17.0,34.0356,2.0021,0.96,0.0
